10.0145000000007,1.5,0.7,0.713150502975311,1,0,0,0
10.214500000001,1.5,0.7,0.743856109181186,1,0,0,0
10.4145000000012,1.5,0.7,0.77062630702871,1,0,0,0
10.6145000000015,1.5,0.7,0.793414397428307,1,0,0,0
10.8145000000017,1.5,0.7,0.812195570188139,1,0,0,0
11.014500000002,1.5,0.7,0.826986073525682,1,0,0,0
11.2145000000022,1.5,0.7,0.837853061572627,1,0,0,0
11.4145000000025,1.5,0.7,0.844926226766851,1,0,0,0
11.6145000000027,1.5,0.7,0.848398004212675,1,0,0,0
11.8145000000029,1.5,0.7,0.848524632954363,1,0,0,0
12.0145000000032,1.5,0.7,0.845621272160061,1,0,0,0
12.2145000000034,1.5,0.7,0.840052893249299,1,0,0,0
12.4145000000037,1.5,0.7,0.832226432430248,1,0,0,0
12.6145000000039,1.5,0.7,0.822579322617526,1,0,0,0
12.8145000000042,1.5,0.7,0.811565070000098,1,0,0,0
13.0145000000044,1.5,0.7,0.799640213945771,1,0,0,0
13.2145000000047,1.5,0.7,0.787249756986157,1,0,0,0
13.4145000000049,1.5,0.7,0.77481523825293,1,0,0,0
13.6145000000051,1.5,0.7,0.762719331207386,1,0,0,0
13.8145000000054,1.5,0.7,0.751295478743758,1,0,0,0
14.0145000000056,1.5,0.7,0.740814515020295,1,0,0,0
14.2145000000059,1.5,0.7,0.731482814549259,1,0,0,0
14.4145000000061,1.5,0.7,0.723433050360086,1,0,0,0
14.6145000000064,1.5,0.7,0.716723109216376,1,0,0,0
14.8145000000066,1.5,0.7,0.711335284155026,1,0,0,0
15.0145000000069,1.5,0.7,0.707186052629483,1,0,0,0
15.2145000000071,1.5,0.7,0.704134296831052,1,0,0,0
15.4145000000073,1.5,0.7,0.701996257791044,1,0,0,0
15.6145000000076,1.5,0.7,0.700565747413466,1,0,0,0
15.8145000000078,1.5,0.7,0.699641379017161,1,0,0,0
16.014500000008,1.5,0.7,0.699056294013296,1,0,0,0
16.2150000000076,1.5,0.7,0.698692109054147,1,0,0,0
16.4155000000071,1.5,0.7,0.698475501800973,1,0,0,0
16.6160000000066,1.5,0.7,0.698359737503945,1,0,0,0
16.8165000000062,1.5,0.7,0.698314428938825,1,0,0,0
17.0170000000057,1.5,0.7,0.69832014512796,1,0,0,0
17.2175000000052,1.5,0.7,0.698361455187013,1,0,0,0
17.4180000000048,1.5,0.7,0.698428802877123,1,0,0,0
17.6185000000043,1.5,0.7,0.698512357320142,1,0,0,0
17.8190000000038,1.5,0.7,0.69860819682412,1,0,0,0
18.0195000000034,1.5,0.7,0.69870934231099,1,0,0,0
18.2200000000029,1.5,0.7,0.698810953287998,1,0,0,0
18.4205000000024,1.5,0.7,0.698911414602902,1,0,0,0
18.621000000002,1.5,0.7,0.699010113205217,1,0,0,0
18.8215000000015,1.5,0.7,0.699107049360869,1,0,0,0
19.022000000001,1.5,0.7,0.700453177356647,1,0,0,0
19.2225000000006,1.5,0.7,0.710371878672516,1,0,0,0
19.4230000000001,1.5,0.7,0.722556806396603,1,0,0,0
19.6234999999996,1.5,0.7,0.735257867567475,1,0,0,0
19.8239999999992,1.5,0.7,0.752422936601519,1,0,0,0
20.0244999999987,1.5,0.7,0.766674821920622,1,0,0,0
20.2249999999982,1.5,0.7,0.782932385083318,1,0,0,0
20.4254999999977,1.5,0.7,0.799973133257715,1,0,0,0
20.6259999999973,1.5,0.7,0.814811053682524,1,0,0,0
20.8264999999968,1.5,0.7,0.833074175887612,1,0,0,0
21.0269999999963,1.5,0.7,0.84802301347583,1,0,0,0
21.2274999999959,1.5,0.7,0.863715675696976,1,0,0,0
21.4279999999954,1.5,0.7,0.880690783676271,1,0,0,0
21.6284999999949,1.5,0.7,0.894552085212236,1,0,0,0
21.8289999999945,1.5,0.7,0.911893718389555,1,0,0,0
22.029499999994,1.5,0.7,0.926752933935734,1,0,0,0
22.2299999999935,1.5,0.7,0.941428940137506,1,0,0,0
22.4304999999931,1.5,0.7,0.958193071492646,1,0,0,0
22.6309999999926,1.5,0.7,0.971196106546239,1,0,0,0
22.8314999999921,1.5,0.7,0.987178514931201,1,0,0,0
23.0319999999917,1.5,0.7,1.00215268433884,1,0,0,0
23.2324999999912,1.5,0.7,1.01528424626698,1,0,0,0
23.4329999999907,1.5,0.7,1.0317784800478,1,0,0,0
23.6334999999903,1.5,0.7,1.04485461115024,1,0,0,0
23.8339999999898,1.5,0.7,1.05951851377528,1,0,0,0
24.0344999999893,1.5,0.7,1.07500656706098,1,0,0,0
24.2349999999889,1.5,0.7,1.08743525377786,1,0,0,0
24.4354999999884,1.5,0.7,1.10354631327984,1,0,0,0
24.6359999999879,1.5,0.7,1.11726434839583,1,0,0,0
24.8364999999875,1.5,0.7,1.13098366204609,1,0,0,0
25.036999999987,1.5,0.7,1.14692345272548,1,0,0,0
25.2374999999865,1.5,0.70000837114365,1.15917947528162,0.999999961017816,-0.000279220998789964,0,0
25.4379999999861,1.5,0.700284891644794,1.17446471608674,0.999999567137615,-0.000930443218354289,0,0
25.6384999999856,1.5,0.701207197411197,1.18892098589392,0.999999891794153,-0.000465200691517018,0,0
25.8389999999851,1.5,0.702604876122158,1.20168424811426,0.999999053151066,-0.00137611662688324,0,0
26.0394999999847,1.5,0.704998898394352,1.21777454067311,0.999999029913713,-0.00139290043901531,0,0
26.2399999999842,1.5,0.708398636326244,1.23101128582092,0.999999706435689,-0.00076624313176964,0,0
26.4404999999837,1.5,0.712389302472207,1.24369921537874,0.999999865442319,-0.000518763282981429,0,0
26.6409999999833,1.5,0.717038421002679,1.25633608542678,0.999998940070132,-0.00145597342436448,0,0
26.8414999999828,1.5,0.722699261091808,1.26832953427967,0.999998451979054,-0.00175955661911686,0,0
27.0419999999823,1.5,0.729563969550574,1.2805194898054,0.999999662674072,-0.00082137186544858,0,0
27.2424999999819,1.5,0.737426711939619,1.29215935031357,0.999997956841996,-0.00202146279544964,0,0
27.4429999999814,1.5,0.746527221154397,1.30285063612379,0.999999893805785,-0.000460856179509725,0,0
27.6434999999809,1.5,0.756340628515175,1.31328564095889,0.999999522063015,-0.000977687957359421,0,0
27.8439999999805,1.5,0.766779854186263,1.32227768185099,0.999999685335147,-0.000793302973027834,0,0
28.04449999998,1.5,0.777646002811019,1.3307410229915,0.999999997748188,6.71090469281666E-05,0,0
28.2449999999795,1.5,0.788900725964162,1.33815319457305,0.999999504135365,-0.000995855925374442,0,0
28.4454999999791,1.5,0.800790601611856,1.34445019929882,0.999999080575323,-0.00135604148468966,0,0
28.6459999999786,1.5,0.813382731988011,1.34990623853639,0.999999817272256,0.000604529118465599,0,0
28.8464999999781,1.5,0.826101278404413,1.35434355826494,0.999994741217214,-0.00324307537961465,0,0
29.0469999999777,1.5,0.840775073323326,1.35838526898865,0.999999230140219,-0.00124085412933444,0,0
29.2474999999772,1.5,0.856245311157264,1.3606715988367,0.999997572234699,0.00220352551786371,0,0
29.4479999999767,1.5,0.870681808176174,1.36154108523085,0.999999169778361,-0.00128858161869935,0,0
29.6484999999763,1.5,0.885570657316623,1.36140739059667,0.99999766578483,0.00216065381097006,0,0
29.8489999999758,1.5,0.899300640849649,1.36058344760743,0.999999694382597,-0.000781815011639891,0,0
30.0494999999753,1.5,0.913301867383947,1.35938559094486,0.999999267372185,-0.00121047721723959,0,0
30.2499999999748,1.5,0.927946392524991,1.35797137060075,0.999998325271308,0.0018301515180059,0,0
30.4504999999744,1.5,0.941903049571495,1.35578798695,0.999997653854752,-0.00216616827430096,0,0
30.6509999999739,1.5,0.956931648804033,1.35328032662737,0.99999905515336,0.00137466082631565,0,0
30.8514999999734,1.5,0.971191986467897,1.3502286492793,0.999999878688992,0.000492566748158993,0,0
31.051999999973,1.5,0.985080430280795,1.34496514470178,0.999999119258109,-0.00132720872725943,0,0
31.2524999999725,1.5,0.999606610282296,1.33979394508801,0.999998822496937,0.00153460246933891,0,0
31.452999999972,1.5,1.01319845310616,1.33389788529359,0.99999793220309,0.00203361489587028,0,0
31.6534999999716,1.5,1.02553792561856,1.32698208729691,0.999999952584311,0.00030794703603541,0,0
31.8539999999711,1.5,1.03730325583741,1.31912148003983,0.999999988036671,0.000154682443371842,0,0
32.054499999971,1.5,1.0490015636346,1.30968245869563,0.999999999877808,1.56327978705254E-05,0,0
32.254499999972,1.5,1.06070422147965,1.29984634846945,0.999999956802919,-0.000293928836151271,0,0
32.4544999999729,1.5,1.07234297910261,1.28860437075273,0.999998973893062,0.0014325546489177,0,0
32.6544999999739,1.5,1.08317667180171,1.27685573642611,0.999999292636474,0.00118942278119315,0,0
32.8544999999748,1.5,1.09289518306155,1.26470846101497,0.999998768889289,0.0015691462351179,0,0
33.0544999999758,1.5,1.10144060683638,1.2513709359267,0.999999117440676,0.00132857738517118,0,0
33.2544999999768,1.5,1.10909534813664,1.23772352817475,0.9999998306845,0.00058192007257177,0,0
33.4544999999777,1.5,1.1161089702145,1.22457629361786,0.999999068567019,0.001364868159931,0,0
33.6544999999787,1.5,1.1222747316646,1.20862208501349,0.999999976125546,0.000218515233843808,0,0
33.8544999999796,1.5,1.12808424985574,1.19165927729711,0.999999388194311,0.00110616951816023,0,0
34.0544999999806,1.5,1.13302014948648,1.17809270239581,0.999998143844919,0.00192673472918466,0,0
34.2544999999815,1.5,1.13655708434234,1.16098837388846,0.999998909994707,0.00147648548860471,0,0
34.4544999999825,1.5,1.13890836745031,1.14587384826126,0.999999178189654,0.00128203744721952,0,0
34.6544999999834,1.5,1.14025935746561,1.13111061946847,0.999999505153099,0.000994833431500092,0,0
34.8544999999844,1.5,1.14084412721085,1.11397939469811,0.99999983663507,0.000571602864160449,0,0
35.0544999999854,1.5,1.14097486731468,1.10031448353053,0.999999986343579,0.000165265973069507,0,0
35.2544999999863,1.5,1.14096279166409,1.08360914531892,0.999999998503634,-5.47058728870154E-05,0,0
35.4544999999873,1.5,1.14098113518551,1.06827737124601,0.999999996517224,-8.34598811828536E-05,0,0
35.6544999999882,1.5,1.14105854609766,1.05435752745355,0.999999999969579,-7.80018824268311E-06,0,0
35.8544999999892,1.5,1.14114179582708,1.03748524220574,0.999999997545689,7.00615617118596E-05,0,0
36.0544999999901,1.5,1.14117476658206,1.02420010037106,0.999999996943711,7.81829721956951E-05,0,0
36.2544999999911,1.5,1.14114990497616,1.00872883581357,0.999999999331545,3.65637818811339E-05,0,0
36.454499999992,1.5,1.14109702094378,0.993276274163186,0.999999999867626,-1.62711076548886E-05,0,0
36.654499999993,1.5,1.14105404457624,0.980130695819541,0.999999999405979,-3.44679968545537E-05,0,0
36.8544999999939,1.5,1.14103602426272,0.963519255310706,0.999999999762206,-2.18079644134179E-05,0,0
37.0544999999949,1.5,1.14103471986284,0.949912841403767,1,3.29323077450767E-08,0,0
37.2544999999959,1.5,1.14103353614946,0.934562900443639,0.999999999833315,1.82584217743599E-05,0,0
37.4544999999968,1.5,1.14102028685842,0.918881629729514,0.99999999996032,8.90838278766895E-06,0,0
37.6544999999978,1.5,1.14100042852648,0.90580051597718,0.999999999956618,-9.31469282510956E-06,0,0
37.8544999999987,1.5,1.14098768809155,0.889266593223388,0.99999999976189,-2.18224893441634E-05,0,0
38.0544999999997,1.5,1.14099026988175,0.875499925763485,0.999999999956416,-9.33636590876155E-06,0,0
38.2545000000006,1.5,1.14099990835135,0.859844797214451,0.999999999957621,9.20644716887024E-06,0,0
38.4545000000016,1.5,1.14100262251345,0.844172777739411,0.999999999838733,1.79592101854805E-05,0,0
38.6545000000025,1.5,1.14099273068265,0.830571376415903,0.999999999991167,4.20316520444376E-06,0,0
38.8545000000035,1.5,1.14097972515614,0.813835633053701,0.999999999916903,-1.289159229601E-05,0,0
39.0545000000044,1.5,1.14097655047144,0.800346238805967,0.999999999804217,-1.97880447346402E-05,0,0
39.2545000000054,1.5,1.14098720283846,0.784723771760613,0.99999999999372,-3.54388116816392E-06,0,0
39.4545000000064,1.5,1.14100058043438,0.769428231946468,0.999999999889579,1.48607394831538E-05,0,0
39.6545000000073,1.5,1.14100323885824,0.756845667795517,0.999999999846532,1.75195854851852E-05,0,0
39.8545000000083,1.5,1.14099351955934,0.740737164848477,0.999999999999915,4.11393641188921E-07,0,0
40.0545000000092,1.5,1.14098352602399,0.727509048692024,0.999999999829137,-1.84858364545736E-05,0,0
40.2545000000102,1.5,1.14098599839977,0.712949518688511,0.999999999894387,-1.45336356734582E-05,0,0
40.4545000000111,1.5,1.1409992189551,0.697459578404795,0.999999999826734,1.86153737625812E-05,0,0
40.6545000000121,1.5,1.14062950428063,0.686373642561917,0.999984174040325,0.00562598159337409,0,0
40.854500000013,1.5,1.13628070595651,0.678541573552436,0.999975104251446,0.00705626511051479,0,0
41.054500000014,1.5,1.12680174321867,0.676375799702087,0.999999033961964,0.00138999105697327,0,0
41.254500000015,1.5,1.11616670401673,0.684896294377902,0.999991385333487,-0.00415081423506563,0,0
41.4545000000159,1.5,1.10856656298666,0.696099391863653,0.999979155242213,-0.00645670822245797,0,0
41.6545000000169,1.5,1.10582657379533,0.712805981007568,0.999988853109268,-0.00472161595341865,0,0
41.8545000000178,1.5,1.1067079085477,0.730911463200924,0.999999208039081,-0.00125853931654078,0,0
42.0545000000188,1.5,1.10863624823942,0.747458875046767,0.999999139221471,0.00131208091099135,0,0
42.2545000000197,1.5,1.10966747136587,0.767602453494861,0.999998223815689,0.0018847719932439,0,0
42.4545000000207,1.5,1.10932939963862,0.784539459517917,0.999999521814132,0.000977942486932141,0,0
42.6545000000216,1.5,1.10824277190691,0.80291076062483,0.999999969075104,-0.000248696182686681,0,0
42.8545000000226,1.5,1.10730482918787,0.821711041628541,0.999999608456823,-0.000884921578493887,0,0
43.0545000000236,1.5,1.10700462998478,0.837654985235748,0.999999714519671,-0.00075561933300731,0,0
43.2545000000245,1.5,1.10727597860245,0.856903048217965,0.999999976761789,-0.000215583906295373,0,0
43.4545000000255,1.5,1.10771273285317,0.873107127387506,0.999999506965441,0.000993010008060078,0,0
43.6545000000264,1.5,1.10705614410784,0.888879012887227,0.999990016938079,0.0044683357282947,0,0
43.8545000000274,1.5,1.10331290407586,0.902536964054429,0.999994247383703,0.00339193152941181,0,0
44.0545000000283,1.5,1.09631207423415,0.911283931851506,0.999969504963409,0.0078095546117895,0,0
44.2545000000293,1.5,1.08402344880562,0.915946324744986,0.99999377519445,0.00352839515236685,0,0
44.4545000000302,1.5,1.06904095712434,0.917990424812602,0.99999986311564,-0.000523229109804117,0,0
44.6545000000312,1.5,1.05398544045626,0.918528038078608,0.999999694546293,0.000781605604857202,0,0
44.8545000000321,1.5,1.03874373086615,0.91825468671586,0.999994014768719,-0.00345983044946127,0,0
45.0545000000331,1.5,1.02547057506638,0.917563959370309,0.999999770399215,0.000677644093757711,0,0
45.2545000000341,1.5,1.01213033393455,0.916672720605019,0.999999489098601,0.00101084248834338,0,0
45.454500000035,1.5,0.998248424454576,0.915691593082256,0.999999376321157,-0.00111685151110349,0,0
45.654500000036,1.5,0.984605272760504,0.914680417436177,0.99999647740081,0.0026542769204489,0,0
45.8545000000369,1.5,0.969506821424732,0.913674048679043,0.99999895977072,-0.00144237910340342,0,0
46.0545000000379,1.5,0.955061824449333,0.912695708433267,0.999999947964509,0.000322600340301038,0,0
46.2545000000388,1.5,0.940602096059278,0.911759393069033,0.99999970446064,0.000768816383876381,0,0
46.4545000000398,1.5,0.925845939934545,0.910875828583993,0.999997448333687,-0.00225905425209876,0,0
46.6545000000407,1.5,0.912079558202603,0.91004602855147,0.999997770808621,0.00211148710369126,0,0
46.8545000000417,1.5,0.897300233156042,0.909276569233513,0.999999451807219,-0.0010470841707084,0,0
47.0545000000427,1.5,0.883034742960681,0.908568703834357,0.999999994716222,0.000102798615320863,0,0
47.2545000000436,1.5,0.868768633563551,0.907921051831059,0.999999112850395,0.00133202793613532,0,0
47.4545000000446,1.5,0.853848113134905,0.907331677637564,0.999997265322425,-0.00233866365079771,0,0
47.6545000000455,1.5,0.839932078334655,0.906798500449576,0.999998146790095,0.00192520554129504,0,0
47.8545000000465,1.5,0.825143994244302,0.906319386762461,0.999999729548693,-0.000735460768057755,0,0
48.0545000000474,1.5,0.810752605526509,0.905892225799197,0.999999946706728,-0.000326475941568032,0,0
48.2545000000484,1.5,0.796539488382666,0.905508825468784,0.999998796833529,0.00155123547386314,0,0
48.4545000000493,1.5,0.78154940859429,0.905072227120263,0.999997781897485,-0.00210622888375729,0,0
48.6545000000503,1.5,0.767467859838702,0.902749845168006,0.999999845118265,0.000556563963966448,0,0
48.8545000000512,1.5,0.753442613218623,0.899304485485685,0.999996902527599,-0.00248896267701935,0,0
49.0545000000522,1.5,0.741366228982826,0.891660575919141,0.999980120742531,-0.00630540401185607,0,0
49.2545000000532,1.5,0.733938226613209,0.877788304731429,0.999976457582694,-0.00686179862471583,0,0
49.4545000000541,1.5,0.731693389355104,0.865085696748226,0.99999130843477,-0.00416929909173647,0,0
49.6545000000551,1.5,0.732649230030886,0.848210049274566,0.999999762745468,-0.000688846142995235,0,0
49.854500000056,1.5,0.734237229540401,0.831896733027962,0.999998963451923,0.0014398246696336,0,0
50.054500000057,1.5,0.734831544321634,0.816081117613158,0.999998686181406,0.00162099829178984,0,0
50.2545000000579,1.5,0.734241716403696,0.797706395255274,0.999999818608035,0.000602315447155208,0,0
50.4545000000589,1.5,0.733175445506675,0.782933975979235,0.999999884789098,-0.000480022699087559,0,0
50.6545000000598,1.5,0.732433692222026,0.765424232180648,0.999999603453597,-0.000890557493123673,0,0
50.8545000000608,1.5,0.732346583859767,0.749049505793844,0.999999811507933,-0.000613990307748188,0,0
51.0545000000618,1.5,0.73272793277375,0.734278306261667,0.999999997699844,-6.78255926757254E-05,0,0
51.2545000000627,1.5,0.733175205342555,0.716567986938963,0.999999955001067,0.000299996440641454,0,0
51.4545000000637,1.5,0.733330340587248,0.702706678610902,0.999995130027229,0.00312088478235903,0,0
51.6545000000646,1.5,0.730810205574671,0.691858538132307,0.999972783947313,0.00737776149385937,0,0
51.8545000000656,1.5,0.723074545062233,0.684698998320562,0.999996659266775,0.00258485111553342,0,0
52.0545000000665,1.5,0.713374644261396,0.681390633674996,0.999992631121835,-0.00383897148068026,0,0
52.2545000000675,1.5,0.706464269626938,0.682388038421654,0.999977197335666,-0.00675313325111734,0,0
52.4545000000684,1.5,0.704656440701231,0.689839174400196,0.999984607196469,-0.0055484565532541,0,0
52.6545000000694,1.5,0.707184846451782,0.706495814426109,0.999996870480021,-0.00250180538095934,0,0
52.8545000000703,1.5,0.711784738417653,0.733815769360108,0.999999995287984,-9.70774560962082E-05,0,0
53.0545000000713,1.5,0.716580255848306,0.770689000175132,0.999999751684518,0.000704720442298206,0,0
53.2545000000723,1.5,0.720884681719989,0.813327593350736,0.999999883573431,0.000482548571991107,0,0
53.4545000000732,1.5,0.724807789861613,0.856249661134697,0.999999966503277,0.000258830920050942,0,0
53.6545000000742,1.5,0.728493666169593,0.893937783880813,0.999999840229946,0.000565278765493338,0,0
53.8545000000751,1.5,0.731726970806409,0.922595268954389,0.999999310405717,0.00117438838989464,0,0
54.0545000000761,1.5,0.73408182479023,0.9413123994058,0.999998865564156,0.00150627699999049,0,0
54.254500000077,1.5,0.735319215051897,0.951886050329708,0.999999228095077,0.00124250120692823,0,0
54.454500000078,1.5,0.73562010112186,0.95708971317878,0.999999826908456,0.000588373230957338,0,0
54.6545000000789,1.5,0.735458403343771,0.959168431007559,0.999999999868052,-1.6244885135552E-05,0,0
54.8545000000799,1.5,0.735285569040282,0.959547400659128,0.999999961071551,-0.000279028485590522,0,0
55.0545000000809,1.5,0.735309686857743,0.959031032968802,0.999999934441403,-0.000362101077014796,0,0
55.2545000000818,1.5,0.73615821258878,0.957923244732908,0.999972849386005,-0.00736888667528739,0,0
55.4545000000828,1.5,0.74221347706022,0.956305067425893,0.999963388317492,-0.00855698688795558,0,0
55.6545000000837,1.5,0.754433156671767,0.954606094428207,0.999996359793059,-0.00269822175352093,0,0
55.8545000000847,1.5,0.76946772228009,0.953000318647161,0.999995760512961,-0.0029118647127942,0,0
56.0545000000856,1.5,0.786263117946524,0.951490409404526,0.999995777603227,0.00290598962798121,0,0
56.2545000000866,1.5,0.801350925791968,0.950067786405601,0.999999124086927,0.00132356540404757,0,0
56.4545000000875,1.5,0.815259529000634,0.948728642364806,0.999999960960798,-0.000279425127985694,0,0
56.6545000000885,1.5,0.829064152304663,0.947473050314049,0.999998411145471,0.00178261227813127,0,0
56.8545000000894,1.5,0.842210711725946,0.946299791716372,0.999995709945057,-0.00292917931881775,0,0
57.0545000000904,1.5,0.856968753421824,0.945208280786939,0.999999882161457,0.000485465829244815,0,0
57.2545000000914,1.5,0.871631307821653,0.94420492829834,0.999999994772106,-0.000102253552047476,0,0
57.4545000000923,1.5,0.886318776197365,0.943287026006191,0.999999452574966,-0.00104635069061902,0,0
57.6545000000933,1.5,0.901454831385368,0.942451749542429,0.999996521740321,0.00263751914864072,0,0
57.8545000000942,1.5,0.915363273110274,0.941697695767538,0.999998400139543,-0.00178877565776558,0,0
58.0545000000952,1.5,0.930036662334823,0.941018274058638,0.999999751669787,0.00070474134528796,0,0
58.2545000000961,1.5,0.944295608827966,0.9404078611227,0.999999866497587,0.000516725079272406,0,0
58.4545000000971,1.5,0.958296095692532,0.939865059841836,0.999998496854678,-0.00173386515770426,0,0
58.654500000098,1.5,0.97318453100882,0.939380519165888,0.999997485327688,0.00224261862596483,0,0
58.854500000099,1.5,0.987120583581295,0.938951014317318,0.999998480269205,-0.00174340450873194,0,0
59.0545000001,1.5,1.00182053702183,0.938572318688261,0.999999978038922,0.000209576133322141,0,0
59.2545000001009,1.5,1.0163475382796,0.938236561523491,0.999999308551095,0.0011759665526049,0,0
59.4545000001019,1.5,1.0303231308834,0.937942260436842,0.999998315984417,-0.00183521887813948,0,0
59.6545000001028,1.5,1.04520972210863,0.937684499144343,0.999997773356909,0.00211027989228545,0,0
59.8545000001038,1.5,1.05917116493813,0.937458220202018,0.99999889553134,-0.00148624900356552,0,0
60.0545000001047,1.5,1.07376134111535,0.937258443260388,0.999999967568105,-0.000254683702895817,0,0
60.2545000001057,1.5,1.08831395731627,0.938498355210686,0.999989981688749,0.00447621739148082,0,0
60.4545000001066,1.5,1.0995156027453,0.948012230295287,0.999980102228102,0.00630833954975246,0,0
60.6545000001076,1.5,1.10591224820062,0.959215727771534,0.999983809433703,0.00569041918138115,0,0
60.8545000001085,1.5,1.10795028794312,0.972895584349742,0.99999515470672,0.00311296692599836,0,0
61.0545000001095,1.5,1.10751936715583,0.989825800989077,0.9999999303248,0.000373296659218403,0,0
61.2545000001105,1.5,1.10670429355736,1.00354449779528,0.999999432091413,-0.00106574708624783,0,0
61.4545000001114,1.5,1.10663162089835,1.02048284068911,0.999999487191763,-0.00101272711601687,0,0
61.6545000001124,1.5,1.10730485309806,1.03665938017226,0.99999998059674,-0.000196993705284179,0,0
61.8545000001133,1.5,1.10813979050543,1.05076907214611,0.999999869840099,0.000510215430768037,0,0
62.0545000001143,1.5,1.10860992614144,1.0683849363914,0.999999775382578,0.000670249799196068,0,0
62.2545000001152,1.5,1.10858764883088,1.08269691004735,0.999999925595987,0.000385756426174441,0,0
62.4545000001162,1.5,1.10826984957485,1.09803463217343,0.99999999985093,-1.72667447138976E-05,0,0
62.6545000001171,1.5,1.10795120151643,1.11471445662492,0.999999969720337,-0.000246088043944259,0,0
62.8545000001181,1.5,1.10780747175593,1.12780317924414,0.999999972558789,-0.000234269974885627,0,0
63.0545000001191,1.5,1.10783998832724,1.14431104961898,0.999999996569718,-8.28285227954201E-05,0,0
63.25450000012,1.5,1.10793783502877,1.15924086922472,0.999999995436773,9.5532479825146E-05,0,0
63.454500000121,1.5,1.10786017429198,1.17273968746396,0.999998873690749,0.00150087215774908,0,0
63.6545000001219,1.5,1.10671534729525,1.18941517567389,0.999998604014512,0.00167091861778171,0,0
63.8545000001229,1.5,1.104376256272,1.20240279398192,0.999999853703375,0.000540918873687918,0,0
64.0545000001238,1.5,1.10129447688539,1.21611198596682,0.999996629654433,0.00259628191366777,0,0
64.2545000001248,1.5,1.0964673252214,1.23164641162474,0.999998946022726,0.00145187927773891,0,0
64.4545000001257,1.5,1.09056089951228,1.24369690243609,0.999999963192196,0.000271321960574179,0,0
64.6545000001267,1.5,1.08446585101159,1.25543492695006,0.999999968294311,-0.000251816159230188,0,0
64.8545000001276,1.5,1.07819769363119,1.26663746051216,0.9999977451531,0.00212360276765744,0,0
65.0545000001286,1.5,1.07065273564617,1.27725680869862,0.999999114986852,0.00133042305765807,0,0
65.2545000001296,1.5,1.0617103599623,1.28742920670722,0.999997697099481,0.00214611177128475,0,0
65.4545000001305,1.5,1.05129430397804,1.29627958657951,0.999998812058374,0.00154138958147554,0,0
65.6545000001315,1.5,1.03988575612605,1.30447937762956,0.999999977230669,0.000213397896957376,0,0
65.8545000001324,1.5,1.02789016852422,1.31185374452131,0.999999809312015,0.000617556421292289,0,0
66.0545000001334,1.5,1.01552368717333,1.3177383514838,0.999999330516251,0.0011571374378409,0,0
66.2545000001343,1.5,1.00202734357067,1.32304649764244,0.999993579919367,0.00358331132449291,0,0
66.4545000001353,1.5,0.986311669147418,1.32669726356985,0.999997995147398,-0.0020024238273435,0,0
66.6545000001362,1.5,0.971498839131188,1.32854614166512,0.999999999118378,4.19909911068834E-05,0,0
66.8545000001372,1.5,0.956985469267231,1.32936622962273,0.999999999057931,-4.34066598326605E-05,0,0
67.0545000001381,1.5,0.942699709704312,1.32920234949929,0.99999855543375,-0.00169974422004083,0,0
67.2545000001391,1.5,0.929130674567747,1.3281086560407,0.999996990018956,0.0024535592571404,0,0
67.4545000001401,1.5,0.914266838774515,1.32655155368854,0.999998991454473,-0.00142024294958685,0,0
67.654500000141,1.5,0.900078184152554,1.32438700559516,0.999999971566541,0.000238467852988263,0,0
67.854500000142,1.5,0.885886851484596,1.32102316799617,0.999999466208457,0.00103323898585389,0,0
68.0545000001429,1.5,0.871242401286451,1.31772937533133,0.999995892655211,-0.00286612503346298,0,0
68.2545000001439,1.5,0.85803853415402,1.3123686836683,0.99999885604211,0.0015125853601815,0,0
68.4545000001448,1.5,0.844224461106572,1.30513029729809,0.999999998878106,4.73686477901687E-05,0,0
68.6545000001458,1.5,0.830434451688241,1.29843775128161,0.999998768628069,-0.00156931269889911,0,0
68.8545000001467,1.5,0.817978439806365,1.29074781494194,0.999996913667265,-0.00248448303357357,0,0
69.0545000001477,1.5,0.807014086939769,1.28167828897742,0.999999976293227,-0.000217746517086952,0,0
69.2545000001487,1.5,0.796567683428827,1.27186840060975,0.999999709521804,-0.000762204898355472,0,0
69.4545000001496,1.5,0.786502266380479,1.26018970759019,0.999999955630777,-0.000297889986955396,0,0
69.6545000001506,1.5,0.776768206783165,1.2484660560661,0.999999820618953,-0.000598967496477467,0,0
69.8545000001515,1.5,0.767651109892383,1.2356577514785,0.999998930218919,-0.00146272383507066,0,0
70.0545000001525,1.5,0.759480824899719,1.22212583492758,0.99999886659802,-0.00150559047373399,0,0
70.2545000001534,1.5,0.752576697837236,1.20918778362938,0.999997914260459,-0.00204241884358111,0,0
70.4545000001544,1.5,0.747065208479408,1.19236381429378,0.999999802400127,-0.000628649113483973,0,0
70.6545000001553,1.5,0.742204918055273,1.17584502163255,0.999999333572167,-0.00115449349160428,0,0
70.8545000001563,1.5,0.73824967268365,1.16182769966152,0.999998605744472,-0.00166988296390228,0,0
71.0545000001572,1.5,0.735550666022413,1.14421191199411,0.999998837443278,-0.00152483182438218,0,0
71.2545000001582,1.5,0.734042408435072,1.12956416764477,0.999999319978018,-0.00116620902985983,0,0
71.4545000001592,1.5,0.733437084067564,1.11380679942102,0.999999800358422,-0.000631888531929227,0,0
71.6545000001601,1.5,0.733329437480053,1.09695464181731,0.999999987820529,-0.000156073515372638,0,0
71.8545000001611,1.5,0.73336221555809,1.08328485050223,0.999999995818569,9.14486860476628E-05,0,0
72.054500000162,1.5,0.733339613873184,1.06613567694776,0.999999994014763,0.000109409660165421,0,0
72.254500000163,1.5,0.733238447058906,1.05130186432212,0.999999999970091,7.73423652952326E-06,0,0
72.4545000001639,1.5,0.733130592739551,1.03586577951435,0.999999995901487,-9.0537429882637E-05,0,0
72.6545000001649,1.5,0.7330874578562,1.01909125146105,0.999999994849585,-0.00010149300586992,0,0
72.8545000001658,1.5,0.733120220621878,1.00566915304625,0.999999998968023,-4.54307712405447E-05,0,0
73.0545000001668,1.5,0.733188003440565,0.988897124108172,0.99999999975845,2.19795204869501E-05,0,0
73.2545000001678,1.5,0.73324188571332,0.974405083996891,0.999999998941916,4.6001817288947E-05,0,0
73.4545000001687,1.5,0.733262365323389,0.960585113572466,0.999999999594287,2.84855279677195E-05,0,0
73.6545000001697,1.5,0.73326148411085,0.94423621617011,0.999999999998129,-1.93427618079413E-06,0,0
73.8545000001706,1.5,0.733288384046857,0.930821093120938,0.999999950052423,-0.000316061943059616,0,0
